Country,Cases,Deaths,Recovered,Death_to_Case_%,Recovery_to_Case_%
Brazil,99506,4217,88844,4.237935400880349,89.28506823709122
China,97825,4570,89787,4.671607462305137,91.7832864809609
India,97276,4294,85671,4.414244006743698,88.07002755047493
Italy,98888,4775,89991,4.828695089394062,91.0029528355311
United States,99806,4693,92812,4.702122116906799,92.99240526621647
