,CustomerID,Age,Annual_Income,Spending_Score,Cluster
count,10000.0,10000.0,10000.0,10000.0,10000.0
mean,5000.5,43.5394,84687.5659,49.8242,1.5061
std,2886.8956799071675,14.911635836766294,37806.39526329028,28.630582693800324,1.120485760210224
min,1.0,18.0,20002.0,1.0,0.0
25%,2500.75,31.0,51528.25,25.0,1.0
50%,5000.5,43.0,84798.0,50.0,2.0
75%,7500.25,56.0,117423.5,74.0,3.0
max,10000.0,69.0,149999.0,99.0,3.0
