,AAPL,GOOGL,MSFT
count,252.0,252.0,252.0
mean,206.0386525714208,162.88239021906776,416.45704481336804
std,25.62444781190761,15.411998275858734,18.063421735313504
min,163.82354736328125,130.49990844726562,363.0256652832031
25%,182.80355834960938,150.7463493347168,405.71722412109375
50%,213.0258560180664,163.88813018798828,415.24952697753906
75%,226.34408569335938,174.03057098388672,426.02562713623047
max,258.1037292480469,196.02093505859375,463.240966796875
